ra,dec,order,wrap_order
0.0,10.34434246956064,0,0
0.35965653153153154,10.508690433956595,1,1
0.7193130630630631,10.671810854328731,2,2
1.0789695945945947,10.833750557767084,3,3
1.4386261261261262,10.994556371361696,4,4
1.7982826576576576,11.154275122202593,5,5
2.1579391891891895,11.312953637379813,6,6
2.517595720720721,11.470638743983395,7,7
2.8772522522522523,11.627377269103366,8,8
3.2369087837837838,11.783216039829767,9,9
3.596565315315315,11.938201883252637,10,10
3.956221846846847,12.092381626462002,11,11
4.315878378378379,12.245802096547902,12,12
4.67553490990991,12.398510120600372,13,13
5.035191441441442,12.550552525709447,14,14
5.394847972972973,12.701976138965161,15,15
5.754504504504505,12.85282778745755,16,16
6.114161036036037,13.003154298276641,17,17
6.4738175675675675,13.153002498512482,18,18
6.833474099099099,13.302419215255105,19,19
7.19313063063063,13.451451275594538,20,20
7.552787162162162,13.60014550662083,21,21
7.912443693693694,13.748548735423995,22,22
8.272100225225225,13.896707789094085,23,23
8.631756756756758,14.0446660850385,24,24
8.991413288288289,14.192434896062487,25,25
9.35106981981982,14.340007836214966,26,26
9.71072635135135,14.487378337094558,27,27
10.070382882882884,14.634539830299868,28,28
10.430039414414415,14.78148574742952,29,29
10.789695945945946,14.928209520082124,30,30
11.149352477477478,15.074704579856297,31,31
11.50900900900901,15.22096435835066,32,32
11.86866554054054,15.366982287163811,33,33
12.228322072072073,15.512751797894381,34,34
12.587978603603604,15.658266322140978,35,35
12.947635135135135,15.803519291502223,36,36
13.307291666666668,15.948504137576723,37,37
13.666948198198199,16.0932142919631,38,38
14.02660472972973,16.237643186259966,39,39
14.38626126126126,16.381784252065934,40,40
14.745917792792794,16.52563092097963,41,41
15.105574324324325,16.669176624599658,42,42
15.465230855855856,16.812414794524624,43,43
15.824887387387388,16.955338862353166,44,44
16.18454391891892,17.097942259683883,45,45
16.54420045045045,17.240218418115397,46,46
16.90385698198198,17.382160753799987,47,47
17.263513513513516,17.523762234061742,48,48
17.623170045045047,17.665015318298533,49,49
17.982826576576578,17.805912438585576,50,50
18.34248310810811,17.946446026998096,51,51
18.70213963963964,18.086608515611314,52,52
19.06179617117117,18.226392336500442,53,53
19.4214527027027,18.365789921740696,54,54
19.781109234234236,18.504793703407305,55,55
20.140765765765767,18.64339611357548,56,56
20.5004222972973,18.78158958432044,57,57
20.86007882882883,18.9193665477174,58,58
21.21973536036036,19.056719435841586,59,59
21.57939189189189,19.193640680768205,60,60
21.939048423423426,19.33012271457249,61,61
22.298704954954957,19.466157969329647,62,62
22.658361486486488,19.601738877114904,63,63
23.01801801801802,19.73685787000347,64,64
23.37767454954955,19.87150738007057,65,65
23.73733108108108,20.005679839391416,66,66
24.09698761261261,20.13936768004124,67,67
24.456644144144146,20.272563334095246,68,68
24.816300675675677,20.405259233628655,69,69
25.175957207207208,20.53744781774419,70,70
25.53561373873874,20.66912350778414,71,71
25.89527027027027,20.800285418205853,72,72
26.2549268018018,20.93093334262749,73,73
26.614583333333336,21.061067074667214,74,74
26.974239864864867,21.190686407943165,75,75
27.333896396396398,21.3197911360735,76,76
27.69355292792793,21.448381052676407,77,77
28.05320945945946,21.576455951370004,78,78
28.41286599099099,21.704015625772477,79,79
28.77252252252252,21.831059869501967,80,80
29.132179054054056,21.957588476176635,81,81
29.491835585585587,22.083601239414634,82,82
29.851492117117118,22.20909795283413,83,83
30.21114864864865,22.334078410053273,84,84
30.57080518018018,22.45854240469023,85,85
30.93046171171171,22.58248973036314,86,86
31.290118243243246,22.70592018069017,87,87
31.649774774774777,22.828833549289484,88,88
32.009431306306304,22.95122962977923,89,89
32.36908783783784,23.07310821577757,90,90
32.72874436936937,23.194469100902662,91,91
33.0884009009009,23.315312078772653,92,92
33.448057432432435,23.435636943005708,93,93
33.80771396396396,23.555439965831614,94,94
34.1673704954955,23.67469867427089,95,95
34.52702702702703,23.79338438260663,96,96
34.88668355855856,23.911468401080985,97,97
35.246340090090094,24.028922039936113,98,98
35.60599662162162,24.14571660941416,99,99
35.965653153153156,24.261823419757285,100,100
36.32530968468468,24.377213781207633,101,101
36.68496621621622,24.491859004007363,102,102
37.04462274774775,24.605730398398627,103,103
37.40427927927928,24.718799274623574,104,104
37.763935810810814,24.831036942924364,105,105
38.12359234234234,24.942414713543148,106,106
38.483248873873876,25.052903896722075,107,107
38.8429054054054,25.1624758027033,108,108
39.20256193693694,25.271101741728977,109,109
39.56221846846847,25.37875302404126,110,110
39.921875,25.485400959882295,111,111
40.281531531531535,25.59101685949424,112,112
40.64118806306306,25.695572033119248,113,113
41.0008445945946,25.799037790999467,114,114
41.360501126126124,25.901385443377063,115,115
41.72015765765766,26.002586300494166,116,116
42.07981418918919,26.102613907908516,117,117
42.43947072072072,26.20147141207105,118,118
42.799127252252255,26.299182926648708,119,119
43.15878378378378,26.395773009260793,120,120
43.51844031531532,26.491266217526622,121,121
43.87809684684685,26.585687109065493,122,122
44.23775337837838,26.67906024149672,123,123
44.59740990990991,26.77141017243962,124,124
44.95706644144144,26.86276145951349,125,125
45.316722972972975,26.953138660337643,126,126
45.6763795045045,27.042566332531383,127,127
46.03603603603604,27.131069033714034,128,128
46.39569256756757,27.218671321504893,129,129
46.7553490990991,27.30539775352326,130,130
47.115005630630634,27.391272887388467,131,131
47.47466216216216,27.476321280719798,132,132
47.834318693693696,27.560567491136588,133,133
48.19397522522522,27.64403607625813,134,134
48.55363175675676,27.726751593703717,135,135
48.91328828828829,27.808738601092696,136,136
49.27294481981982,27.890021656044343,137,137
49.632601351351354,27.97062531617798,138,138
49.99225788288288,28.050574139112918,139,139
50.351914414414416,28.12989256148091,140,140
50.71157094594595,28.20859889365649,141,141
51.07122747747748,28.286702550124215,142,142
51.43088400900901,28.364212246180948,143,143
51.79054054054054,28.441136697123557,144,144
52.150197072072075,28.51748461824893,145,145
52.5098536036036,28.593264724853924,146,146
52.86951013513514,28.668485732235432,147,147
53.22916666666667,28.74315635569031,148,148
53.5888231981982,28.81728531051543,149,149
53.94847972972973,28.890881312007682,150,150
54.30813626126126,28.963953075463923,151,151
54.667792792792795,29.03650931618104,152,152
55.02744932432432,29.108558749455884,153,153
55.38710585585586,29.180110090585355,154,154
55.74676238738739,29.251172054866313,155,155
56.10641891891892,29.32175335759562,156,156
56.466075450450454,29.39186271407017,157,157
56.82573198198198,29.461508839586827,158,158
57.185388513513516,29.53070044944247,159,159
57.54504504504504,29.59944625893396,160,160
57.90470157657658,29.66775498335817,161,161
58.26435810810811,29.735635338011985,162,162
58.62401463963964,29.803096035863433,163,163
58.983671171171174,29.870140818813436,164,164
59.3433277027027,29.93675795433226,165,165
59.702984234234236,30.002932707473537,166,166
60.06264076576577,30.068650343290873,167,167
60.4222972972973,30.133896126837907,168,168
60.78195382882883,30.198655323168243,169,169
61.14161036036036,30.26291319733552,170,170
61.501266891891895,30.32665501439334,171,171
61.86092342342342,30.38986603939533,172,172
62.22057995495496,30.45253153739512,173,173
62.58023648648649,30.51463677344632,174,174
62.93989301801802,30.576167012602557,175,175
63.29954954954955,30.637107519917453,176,176
63.65920608108108,30.69744356044462,177,177
64.01886261261261,30.75716039923768,178,178
64.37851914414415,30.81624330135027,179,179
64.73817567567568,30.874677531835996,180,180
65.0978322072072,30.932448355748477,181,181
65.45748873873875,30.989541038141354,182,182
65.81714527027027,31.04594084406822,183,183
66.1768018018018,31.101633038582715,184,184
66.53645833333333,31.156602886738455,185,185
66.89611486486487,31.210835653589058,186,186
67.2557713963964,31.264315124679097,187,187
67.61542792792793,31.317014510823263,188,188
67.97508445945947,31.368902420417406,189,189
68.334740990991,31.419947442931235,190,190
68.69439752252252,31.470118167834457,191,191
69.05405405405406,31.519383184596798,192,192
69.41371058558559,31.56771108268798,193,193
69.77336711711712,31.615070451577687,194,194
70.13302364864865,31.661429880735664,195,195
70.49268018018019,31.7067579596316,196,196
70.85233671171171,31.75102327773523,197,197
71.21199324324324,31.79419442451625,198,198
71.57164977477478,31.836239989444387,199,199
71.93130630630631,31.87712856198935,200,200
72.29096283783784,31.91682873162085,201,201
72.65061936936937,31.955309087808608,202,202
73.01027590090091,31.992538220022325,203,203
73.36993243243244,32.02848471773173,204,204
73.72958896396396,32.06311717040652,205,205
74.0892454954955,32.09640416751642,206,206
74.44890202702703,32.128314298531144,207,207
74.80855855855856,32.1588161529204,208,208
75.16821509009009,32.187878320153914,209,209
75.52787162162163,32.215470779852794,210,210
75.88752815315316,32.24159057491363,211,211
76.24718468468468,32.26625933572027,212,212
76.60684121621622,32.289499586221154,213,213
76.96649774774775,32.31133385036465,214,214
77.32615427927928,32.33178465209919,215,215
77.6858108108108,32.35087451537317,216,216
78.04546734234235,32.36862596413502,217,217
78.40512387387388,32.385061522333125,218,218
78.7647804054054,32.40020371391591,219,219
79.12443693693695,32.41407506283176,220,220
79.48409346846847,32.426698093029124,221,221
79.84375,32.43809532845639,222,222
80.20340653153153,32.448289293061954,223,223
80.56306306306307,32.45730251079424,224,224
80.9227195945946,32.46515750560166,225,225
81.28237612612612,32.471876801432614,226,226
81.64203265765767,32.47748292223551,227,227
82.0016891891892,32.481998391958776,228,228
82.36134572072072,32.48544573455079,229,229
82.72100225225225,32.48784747395998,230,230
83.08065878378379,32.48922613413476,231,231
83.44031531531532,32.48960423902353,232,232
83.79997184684684,32.48900453093235,233,233
84.15962837837839,32.487473046598225,234,234
84.51928490990991,32.48509947275756,235,235
84.87894144144144,32.48197829608629,236,236
85.23859797297298,32.47820400326029,237,237
85.59825450450451,32.473871080955476,238,238
85.95791103603604,32.46907401584775,239,239
86.31756756756756,32.463907294613016,240,240
86.6772240990991,32.45846540392717,241,241
87.03688063063063,32.452842830466125,242,242
87.39653716216216,32.447134060905796,243,243
87.7561936936937,32.44143358192206,244,244
88.11585022522523,32.435835880190844,245,245
88.47550675675676,32.43043544238804,246,246
88.83516328828829,32.42532675518956,247,247
89.19481981981983,32.42060430527129,248,248
89.55447635135135,32.41636257930915,249,249
89.91413288288288,32.412696063979055,250,250
90.27378941441442,32.40969924595688,251,251
90.63344594594595,32.40746661191856,252,252
90.99310247747748,32.40609264853997,253,253
91.352759009009,32.40567184249703,254,254
91.71241554054055,32.40629868046564,255,255
92.07207207207207,32.40806764912171,256,256
92.4317286036036,32.41103277675784,257,257
92.79138513513514,32.41508101703478,258,258
93.15104166666667,32.42005620252394,259,259
93.5106981981982,32.425802165746596,260,260
93.87035472972973,32.432162739224104,261,261
94.23001126126127,32.43898175547776,262,262
94.5896677927928,32.44610304702886,263,263
94.94932432432432,32.45337044639873,264,264
95.30898085585586,32.46062778610868,265,265
95.66863738738739,32.46771889868002,266,266
96.02829391891892,32.47448761663406,267,267
96.38795045045045,32.48077777249212,268,268
96.74760698198199,32.4864331987755,269,269
97.10726351351352,32.49129772800551,270,270
97.46692004504504,32.49521519270348,271,271
97.82657657657658,32.49802942539071,272,272
98.18623310810811,32.4995842585885,273,273
98.54588963963964,32.49972352481818,274,274
98.90554617117117,32.49829105660106,275,275
99.26520270270271,32.49513068645844,276,276
99.62485923423424,32.49008624691164,277,277
99.98451576576576,32.48300157048196,278,278
100.3441722972973,32.473720489690734,279,279
100.70382882882883,32.46210184562375,280,280
101.06348536036036,32.44815121515734,281,281
101.4231418918919,32.43195714580338,282,282
101.78279842342343,32.4136091260575,283,283
102.14245495495496,32.39319664441534,284,284
102.50211148648648,32.3708091893725,285,285
102.86176801801803,32.34653624942464,286,286
103.22142454954955,32.320467313067354,287,287
103.58108108108108,32.2926918687963,288,288
103.94073761261262,32.26329940510706,289,289
104.30039414414415,32.2323794104953,290,290
104.66005067567568,32.20002137345663,291,291
105.0197072072072,32.16631478248667,292,292
105.37936373873875,32.13134912608106,293,293
105.73902027027027,32.095213892735416,294,294
106.0986768018018,32.05799857094536,295,295
106.45833333333334,32.01979264920652,296,296
106.81798986486487,31.980685616014533,297,297
107.1776463963964,31.940766959865012,298,298
107.53730292792793,31.90012616925359,299,299
107.89695945945947,31.85885273267589,300,300
108.256615990991,31.81703613862754,301,301
108.61627252252252,31.77476587560416,302,302
108.97592905405406,31.73212956770402,303,303
109.33558558558559,31.689157554499936,304,304
109.69524211711712,31.645813522122488,305,305
110.05489864864865,31.60205740503356,306,306
110.41455518018019,31.557849137695023,307,307
110.77421171171171,31.513148654568795,308,308
111.13386824324324,31.467915890116757,309,309
111.49352477477478,31.422110778800775,310,310
111.85318130630631,31.37569325508275,311,311
112.21283783783784,31.32862325342456,312,312
112.57249436936937,31.280860708288117,313,313
112.93215090090091,31.232365554135278,314,314
113.29180743243244,31.183097725427942,315,315
113.65146396396396,31.133017156628,316,316
114.0111204954955,31.08208378219733,317,317
114.37077702702703,31.030257536597826,318,318
114.73043355855856,30.977498354291388,319,319
115.09009009009009,30.923766169739867,320,320
115.44974662162163,30.86902091740518,321,321
115.80940315315316,30.813222531749208,322,322
116.16905968468468,30.756330947233838,323,323
116.52871621621622,30.69830609832095,324,324
116.88837274774775,30.639107919472423,325,325
117.24802927927928,30.57869642489621,326,326
117.60768581081082,30.517057986800086,327,327
117.96734234234235,30.45424329058565,328,328
118.32699887387388,30.39031264620655,329,329
118.6866554054054,30.325326363616423,330,330
119.04631193693695,30.259344752768907,331,331
119.40596846846847,30.192428123617635,332,332
119.765625,30.124636786116262,333,333
120.12528153153154,30.056031050218426,334,334
120.48493806306307,29.986671225877757,335,335
120.8445945945946,29.91661762304791,336,336
121.20425112612612,29.845930551682507,337,337
121.56390765765767,29.774670321735197,338,338
121.9235641891892,29.702897243159622,339,339
122.28322072072072,29.63067162590943,340,340
122.64287725225226,29.55805377993824,341,341
123.00253378378379,29.485104015199713,342,342
123.36219031531532,29.411882641647473,343,343
123.72184684684684,29.338449969235178,344,344
124.08150337837839,29.264866307916446,345,345
124.44115990990991,29.19119196764494,346,346
124.80081644144144,29.11748725837429,347,347
125.16047297297298,29.043812490058123,348,348
125.52012950450451,28.970227972650108,349,349
125.87978603603604,28.896779119429276,350,350
126.23944256756756,28.823429431867616,351,351
126.5990990990991,28.750114406087057,352,352
126.95875563063063,28.67676951385031,353,353
127.31841216216216,28.603330226920086,354,354
127.6780686936937,28.5297320170591,355,355
128.03772522522522,28.45591035603007,356,356
128.39738175675677,28.38180071559568,357,357
128.7570382882883,28.307338567518688,358,358
129.11669481981983,28.23245938356177,359,359
129.47635135135135,28.15709863548766,360,360
129.83600788288288,28.081191795059055,361,361
130.1956644144144,28.004674334038675,362,362
130.55532094594594,27.92748172418923,363,363
130.9149774774775,27.84954943727343,364,364
131.27463400900902,27.77081294505399,365,365
131.63429054054055,27.69120771929363,366,366
131.99394707207207,27.61066923175504,367,367
132.3536036036036,27.529132954200964,368,368
132.71326013513513,27.446534358394086,369,369
133.07291666666666,27.36280891609713,370,370
133.4325731981982,27.277892099072798,371,371
133.79222972972974,27.191719379083825,372,372
134.15188626126127,27.10422964020759,373,373
134.5115427927928,27.01540882415943,374,374
134.87119932432432,26.92527715474977,375,375
135.23085585585585,26.83385563236241,376,376
135.59051238738738,26.741165257381084,377,377
135.95016891891893,26.64722703018957,378,378
136.30982545045046,26.552061951171627,379,379
136.669481981982,26.455691020711043,380,380
137.02913851351352,26.358135239191554,381,381
137.38879504504504,26.25941560699695,382,382
137.74845157657657,26.159553124510982,383,383
138.10810810810813,26.05856879211742,384,384
138.46776463963965,25.95648361020003,385,385
138.82742117117118,25.853318579142588,386,386
139.1870777027027,25.749094699328847,387,387
139.54673423423424,25.64383297114257,388,388
139.90639076576576,25.53755439496754,389,389
140.2660472972973,25.43027997118751,390,390
140.62570382882885,25.32203070018624,391,391
140.98536036036037,25.212827582347508,392,392
141.3450168918919,25.10269161805508,393,393
141.70467342342343,24.991643807692714,394,394
142.06432995495496,24.87970515164418,395,395
142.42398648648648,24.766896735371365,396,396
142.783643018018,24.653244273651147,397,397
143.14329954954957,24.53878039594147,398,398
143.5029560810811,24.42353829704547,399,399
143.86261261261262,24.30755117176629,400,400
144.22226914414415,24.190852214907054,401,401
144.58192567567568,24.073474621270893,402,402
144.9415822072072,23.955451585660953,403,403
145.30123873873873,23.83681630288036,404,404
145.6608952702703,23.717601967732243,405,405
146.02055180180182,23.59784177501976,406,406
146.38020833333334,23.477568919546023,407,407
146.73986486486487,23.356816596114182,408,408
147.0995213963964,23.235617999527364,409,409
147.45917792792793,23.114006324588704,410,410
147.81883445945945,22.992014766101327,411,411
148.178490990991,22.869676518868385,412,412
148.53814752252254,22.747024777693014,413,413
148.89780405405406,22.624092737378334,414,414
149.2574605855856,22.500913592727496,415,415
149.61711711711712,22.377520538543617,416,416
149.97677364864865,22.253946769629838,417,417
150.33643018018017,22.130225480789306,418,418
150.69608671171173,22.006389860803264,419,419
151.05574324324326,21.882454378766067,420,420
151.41539977477478,21.758373376062295,421,421
151.7750563063063,21.6340891459121,422,422
152.13471283783784,21.509543981535614,423,423
152.49436936936937,21.38468017615298,424,424
152.8540259009009,21.259440022984332,425,425
153.21368243243245,21.133765815249795,426,426
153.57333896396398,21.007599846169533,427,427
153.9329954954955,20.88088440896366,428,428
154.29265202702703,20.753561796852328,429,429
154.65230855855856,20.625574303055664,430,430
155.0119650900901,20.496864220793817,431,431
155.3716216216216,20.367373843286916,432,432
155.73127815315317,20.237045463755084,433,433
156.0909346846847,20.105821375418493,434,434
156.45059121621622,19.973643871497263,435,435
156.81024774774775,19.840455245211523,436,436
157.16990427927928,19.706197789781427,437,437
157.5295608108108,19.570813798427096,438,438
157.88921734234233,19.434245564368677,439,439
158.2488738738739,19.296435380826303,440,440
158.60853040540542,19.157325541020114,441,441
158.96818693693695,19.016858338170252,442,442
159.32784346846847,18.874993262115176,443,443
159.6875,18.731816964924246,444,444
160.04715653153153,18.587473119960084,445,445
160.40681306306305,18.44210567012861,446,446
160.7664695945946,18.29585855833574,447,447
161.12612612612614,18.148875727487425,448,448
161.48578265765767,18.001301120489572,449,449
161.8454391891892,17.853278680248103,450,450
162.20509572072072,17.704952349668943,451,451
162.56475225225225,17.556466071658008,452,452
162.92440878378378,17.407963789121236,453,453
163.28406531531533,17.25958944496453,454,454
163.64372184684686,17.111486982093837,455,455
164.0033783783784,16.963800343415066,456,456
164.3630349099099,16.816673471834143,457,457
164.72269144144144,16.670250310256996,458,458
165.08234797297297,16.52467480158954,459,459
165.4420045045045,16.380090888737705,460,460
165.80166103603605,16.236642514607404,461,461
166.16131756756758,16.094473622104577,462,462
166.5209740990991,15.953728154135131,463,463
166.88063063063063,15.814550053605007,464,464
167.24028716216216,15.677083263420108,465,465
167.5999436936937,15.541482155281706,466,466
167.95960022522522,15.408113901405395,467,467
168.31925675675677,15.27754444481454,468,468
168.6789132882883,15.15034734729434,469,469
169.03856981981983,15.02709617062994,470,470
169.39822635135135,14.908364476606508,471,471
169.75788288288288,14.794725827009202,472,472
170.1175394144144,14.68675378362319,473,473
170.47719594594597,14.585021908233623,474,474
170.8368524774775,14.490103762625692,475,475
171.19650900900902,14.402572908584537,476,476
171.55616554054055,14.323002907895333,477,477
171.91582207207207,14.251967322343239,478,478
172.2754786036036,14.190039713713418,479,479
172.63513513513513,14.137793643791037,480,480
172.99479166666669,14.095802674361256,481,481
173.3544481981982,14.06464036720924,482,482
173.71410472972974,14.044880284120158,483,483
174.07376126126127,14.037095986879166,484,484
174.4334177927928,14.041861037271431,485,485
174.79307432432432,14.059748997082117,486,486
175.15273085585585,14.091333428096386,487,487
175.5123873873874,14.137187892099409,488,488
175.87204391891893,14.197885950876337,489,489
176.23170045045046,14.23286384417188,490,490
176.591356981982,14.172455171657566,491,491
176.95101351351352,14.22147444489054,492,492
177.31067004504504,14.367547764756772,493,493
177.67032657657657,14.598301232142244,494,494
178.02998310810813,14.90136094793294,495,495
178.38963963963965,15.264353013014794,496,496
178.74929617117118,15.674903528273791,497,497
179.1089527027027,16.12063859459591,498,498
179.46860923423424,16.58918431286712,499,499
179.82826576576576,17.068166783973393,500,500
180.1879222972973,17.545212108800698,501,-531
180.54757882882885,18.007946388235045,502,-530
180.90723536036037,18.443995723162335,503,-529
181.2668918918919,18.84148605217118,504,-528
181.62654842342343,19.196326177306513,505,-527
181.98620495495496,19.510575451444264,506,-526
182.34586148648648,19.78646092208597,507,-525
182.705518018018,20.02620963673312,508,-524
183.06517454954957,20.232048642887275,509,-523
183.4248310810811,20.406204988049904,510,-522
183.78448761261262,20.550905719722543,511,-521
184.14414414414415,20.66837788540672,512,-520
184.50380067567568,20.760848532603948,513,-519
184.8634572072072,20.830544708815744,514,-518
185.22311373873873,20.879693461543628,515,-517
185.5827702702703,20.910521838289124,516,-516
185.94242680180182,20.92507338041084,517,-515
186.30208333333334,20.924344726514025,518,-514
186.66173986486487,20.90896182673004,519,-513
187.0213963963964,20.87955019909972,520,-512
187.38105292792793,20.836735361663916,521,-511
187.74070945945945,20.781142832463463,522,-510
188.100365990991,20.7133981295392,523,-509
188.46002252252254,20.63412677093198,524,-508
188.81967905405406,20.543954274682648,525,-507
189.1793355855856,20.443506158832037,526,-506
189.53899211711712,20.333407941420994,527,-505
189.89864864864865,20.21428514049036,528,-504
190.25830518018017,20.086755156542328,529,-503
190.61796171171173,19.949016007989734,530,-502
190.97761824324326,19.79347609017439,531,-501
191.33727477477478,19.611695891875886,532,-500
191.6969313063063,19.39523590187383,533,-499
192.05658783783784,19.135656608947823,534,-498
192.41624436936937,18.824518501877474,535,-497
192.7759009009009,18.453382069442384,536,-496
193.13555743243245,18.013807800422132,537,-495
193.49521396396398,17.497356183596374,538,-494
193.8548704954955,16.8955877077447,539,-493
194.21452702702703,16.2000628616467,540,-492
194.57418355855856,15.402342134081985,541,-491
194.9338400900901,14.493986013830169,542,-490
195.2934966216216,14.477512189999977,543,-489
195.65315315315317,14.47751218999998,544,-488
196.0128096846847,14.477512189999977,545,-487
196.37246621621622,14.477512189999981,546,-486
196.73212274774775,14.477512189999985,547,-485
197.09177927927928,14.477512189999983,548,-484
197.4514358108108,14.477512189999981,549,-483
197.81109234234233,14.477512189999986,550,-482
198.1707488738739,14.47751218999999,551,-481
198.53040540540542,14.477512189999992,552,-480
198.89006193693695,14.477512189999992,553,-479
199.24971846846847,14.477512189999992,554,-478
199.609375,14.477512189999995,555,-477
199.96903153153153,14.477512189999993,556,-476
200.32868806306308,14.477512189999997,557,-475
200.6883445945946,14.477512189999995,558,-474
201.04800112612614,14.477512189999999,559,-473
201.40765765765767,14.477512189999999,560,-472
201.7673141891892,14.47751219,561,-471
202.12697072072072,14.477512190000004,562,-470
202.48662725225225,14.47751219,563,-469
202.8462837837838,14.477512190000002,564,-468
203.20594031531533,14.477512190000002,565,-467
203.56559684684686,14.477512190000004,566,-466
203.9252533783784,14.477512190000006,567,-465
204.2849099099099,14.477512190000004,568,-464
204.64456644144144,14.477512190000006,569,-463
205.00422297297297,14.477512190000006,570,-462
205.36387950450452,14.47751219000001,571,-461
205.72353603603605,14.47751219000001,572,-460
206.08319256756758,14.477512190000011,573,-459
206.4428490990991,14.477512190000011,574,-458
206.80250563063063,14.47751219000001,575,-457
207.16216216216216,14.477512190000011,576,-456
207.5218186936937,14.477512190000011,577,-455
207.88147522522524,14.477512190000011,578,-454
208.24113175675677,14.477512190000013,579,-453
208.6007882882883,14.477512190000015,580,-452
208.96044481981983,14.477512190000017,581,-451
209.32010135135135,14.477512190000015,582,-450
209.67975788288288,14.477512190000017,583,-449
210.0394144144144,14.477512190000018,584,-448
210.39907094594597,14.477512190000015,585,-447
210.7587274774775,14.477512190000015,586,-446
211.11838400900902,14.477512190000015,587,-445
211.47804054054055,14.47751219000002,588,-444
211.83769707207207,14.47751219000002,589,-443
212.1973536036036,14.477512190000017,590,-442
212.55701013513513,14.477512190000017,591,-441
212.91666666666669,14.477512190000024,592,-440
213.2763231981982,14.477512190000018,593,-439
213.63597972972974,14.477512190000018,594,-438
213.99563626126127,14.47751219000002,595,-437
214.3552927927928,14.47751219000002,596,-436
214.71494932432432,14.477512190000022,597,-435
215.07460585585585,14.477512190000022,598,-434
215.4342623873874,14.477512190000018,599,-433
215.79391891891893,14.477512190000022,600,-432
216.15357545045046,14.477512190000022,601,-431
216.513231981982,14.47751219000002,602,-430
216.87288851351352,14.477512190000022,603,-429
217.23254504504504,14.47751219000002,604,-428
217.59220157657657,14.47751219000002,605,-427
217.95185810810813,14.477512190000022,606,-426
218.31151463963965,14.47751219000002,607,-425
218.67117117117118,14.477512190000018,608,-424
219.0308277027027,14.47751219000002,609,-423
219.39048423423424,14.47751219000002,610,-422
219.75014076576576,14.477512190000018,611,-421
220.1097972972973,14.477512190000022,612,-420
220.46945382882885,14.47751219000002,613,-419
220.82911036036037,14.477512190000018,614,-418
221.1887668918919,14.47751219000002,615,-417
221.54842342342343,14.47751219000002,616,-416
221.90807995495496,14.477512190000018,617,-415
222.26773648648648,14.477512190000018,618,-414
222.627393018018,14.477512190000018,619,-413
222.98704954954957,14.477512190000022,620,-412
223.3467060810811,14.47751219000002,621,-411
223.70636261261262,14.47751219000002,622,-410
224.06601914414415,14.477512190000018,623,-409
224.42567567567568,14.47751219000002,624,-408
224.7853322072072,14.477512190000018,625,-407
225.14498873873873,14.477512190000017,626,-406
225.5046452702703,14.477512190000018,627,-405
225.86430180180182,14.477512190000018,628,-404
226.22395833333334,14.477512190000017,629,-403
226.58361486486487,14.477512190000017,630,-402
226.9432713963964,14.477512190000015,631,-401
227.30292792792793,14.477512190000015,632,-400
227.66258445945945,14.477512190000018,633,-399
228.022240990991,14.477512190000017,634,-398
228.38189752252254,14.477512190000013,635,-397
228.74155405405406,14.477512190000017,636,-396
229.1012105855856,14.477512190000015,637,-395
229.46086711711712,14.477512190000015,638,-394
229.82052364864865,14.477512190000017,639,-393
230.18018018018017,14.477512190000011,640,-392
230.53983671171173,14.477512190000015,641,-391
230.89949324324326,14.477512190000013,642,-390
231.25914977477478,14.477512190000015,643,-389
231.6188063063063,14.47751219000001,644,-388
231.97846283783784,14.477512190000011,645,-387
232.33811936936937,14.47751219000001,646,-386
232.69777590090092,14.477512190000013,647,-385
233.05743243243245,14.477512190000011,648,-384
233.41708896396398,14.477512190000011,649,-383
233.7767454954955,14.477512190000011,650,-382
234.13640202702703,14.477512190000011,651,-381
234.49605855855856,14.477512190000011,652,-380
234.8557150900901,14.47751219000001,653,-379
235.21537162162164,14.47751219000001,654,-378
235.57502815315317,14.477512190000008,655,-377
235.9346846846847,14.477512190000008,656,-376
236.29434121621622,14.477512190000008,657,-375
236.65399774774775,14.477512190000006,658,-374
237.01365427927928,14.477512190000008,659,-373
237.3733108108108,14.47751219000001,660,-372
237.73296734234236,14.477512190000002,661,-371
238.0926238738739,14.477512190000006,662,-370
238.45228040540542,14.477512190000004,663,-369
238.81193693693695,14.477512190000004,664,-368
239.17159346846847,14.477512190000004,665,-367
239.53125,14.477512190000006,666,-366
239.89090653153153,14.477512190000006,667,-365
240.25056306306308,14.477512190000002,668,-364
240.6102195945946,14.477512190000004,669,-363
240.96987612612614,14.477512190000002,670,-362
241.32953265765767,14.477512189999999,671,-361
241.6891891891892,14.477512190000004,672,-360
242.04884572072072,14.477512190000002,673,-359
242.40850225225225,14.477512190000002,674,-358
242.7681587837838,14.477512190000002,675,-357
243.12781531531533,14.477512190000002,676,-356
243.48747184684686,14.477512190000004,677,-355
243.8471283783784,14.47751219,678,-354
244.2067849099099,14.477512189999999,679,-353
244.56644144144144,14.477512189999997,680,-352
244.92609797297297,14.477512189999999,681,-351
245.28575450450452,14.47751219,682,-350
245.64541103603605,14.47751219,683,-349
246.00506756756758,14.477512189999999,684,-348
246.3647240990991,14.477512189999997,685,-347
246.72438063063063,14.477512189999999,686,-346
247.08403716216216,14.477512189999999,687,-345
247.4436936936937,14.477512189999997,688,-344
247.80335022522524,14.47751219,689,-343
248.16300675675677,14.477512189999995,690,-342
248.5226632882883,14.477512189999999,691,-341
248.88231981981983,14.477512189999999,692,-340
249.24197635135135,14.477512189999997,693,-339
249.60163288288288,14.477512189999995,694,-338
249.9612894144144,14.477512189999993,695,-337
250.32094594594597,14.477512189999997,696,-336
250.6806024774775,14.477512189999995,697,-335
251.04025900900902,14.47751218999999,698,-334
251.39991554054055,14.477512189999992,699,-333
251.75957207207207,14.477512189999995,700,-332
252.1192286036036,14.477512189999997,701,-331
252.47888513513513,14.477512189999995,702,-330
252.83854166666669,14.477512189999997,703,-329
253.1981981981982,14.477512189999992,704,-328
253.55785472972974,14.477512189999993,705,-327
253.91751126126127,14.477512189999997,706,-326
254.2771677927928,14.477512189999995,707,-325
254.63682432432432,14.477512189999993,708,-324
254.99648085585585,14.477512189999995,709,-323
255.3561373873874,14.477512189999993,710,-322
255.71579391891893,14.477512189999995,711,-321
256.07545045045043,14.477512189999993,712,-320
256.435106981982,14.477512189999993,713,-319
256.79476351351354,14.477512189999992,714,-318
257.1544200450451,14.477512189999992,715,-317
257.5140765765766,14.477512189999993,716,-316
257.8737331081081,14.477512189999993,717,-315
258.23338963963965,14.477512189999993,718,-314
258.5930461711712,14.477512189999995,719,-313
258.9527027027027,14.477512189999995,720,-312
259.31235923423424,14.477512189999993,721,-311
259.67201576576576,14.477512189999993,722,-310
260.0316722972973,14.477512189999993,723,-309
260.3913288288288,14.477512189999993,724,-308
260.75098536036035,14.477512189999997,725,-307
261.1106418918919,14.477512189999993,726,-306
261.47029842342346,14.477512189999992,727,-305
261.829954954955,14.47751218999999,728,-304
262.1896114864865,14.477512189999993,729,-303
262.54926801801804,14.477512189999992,730,-302
262.90892454954957,14.477512189999993,731,-301
263.2685810810811,14.477512189999992,732,-300
263.6282376126126,14.477512189999992,733,-299
263.98789414414415,14.477512189999992,734,-298
264.3475506756757,14.477512189999992,735,-297
264.7072072072072,14.477512189999995,736,-296
265.06686373873873,14.477512189999993,737,-295
265.42652027027026,14.477512189999995,738,-294
265.7861768018018,14.477512189999995,739,-293
266.1458333333333,14.477512189999995,740,-292
266.5054898648649,14.477512189999993,741,-291
266.8651463963964,14.477512189999995,742,-290
267.22480292792795,14.477512189999993,743,-289
267.5844594594595,14.477512189999995,744,-288
267.944115990991,14.477512189999997,745,-287
268.30377252252254,14.477512189999993,746,-286
268.66342905405406,14.477512189999993,747,-285
269.0230855855856,14.477512189999995,748,-284
269.3827421171171,14.477512189999995,749,-283
269.74239864864865,14.477512189999995,750,-282
270.1020551801802,14.477512189999995,751,-281
270.4617117117117,14.477512189999995,752,-280
270.8213682432432,14.477512189999997,753,-279
271.18102477477476,14.477512189999993,754,-278
271.54068130630634,14.477512189999997,755,-277
271.90033783783787,14.477512189999997,756,-276
272.2599943693694,14.477512189999995,757,-275
272.6196509009009,14.477512189999997,758,-274
272.97930743243245,14.477512189999999,759,-273
273.338963963964,14.477512189999995,760,-272
273.6986204954955,14.477512189999999,761,-271
274.05827702702703,14.477512189999995,762,-270
274.41793355855856,14.477512189999997,763,-269
274.7775900900901,14.477512189999993,764,-268
275.1372466216216,14.477512189999997,765,-267
275.49690315315314,14.477512189999997,766,-266
275.85655968468467,14.477512189999997,767,-265
276.21621621621625,14.477512189999995,768,-264
276.5758727477478,14.477512189999995,769,-263
276.9355292792793,14.477512189999995,770,-262
277.29518581081084,14.477512189999999,771,-261
277.65484234234236,14.477512189999999,772,-260
278.0144988738739,14.477512189999999,773,-259
278.3741554054054,14.477512189999999,774,-258
278.73381193693695,14.477512189999995,775,-257
279.0934684684685,14.477512189999997,776,-256
279.453125,14.477512189999999,777,-255
279.8127815315315,14.477512189999999,778,-254
280.17243806306305,14.477512189999997,779,-253
280.5320945945946,14.47751219,780,-252
280.8917511261261,14.47751219,781,-251
281.2514076576577,14.47751219,782,-250
281.6110641891892,14.477512189999999,783,-249
281.97072072072075,14.477512189999999,784,-248
282.3303772522523,14.477512189999997,785,-247
282.6900337837838,14.477512189999999,786,-246
283.04969031531533,14.477512189999997,787,-245
283.40934684684686,14.477512189999999,788,-244
283.7690033783784,14.477512189999999,789,-243
284.1286599099099,14.477512189999999,790,-242
284.48831644144144,14.477512189999997,791,-241
284.84797297297297,14.477512189999999,792,-240
285.2076295045045,14.47751219,793,-239
285.567286036036,14.477512190000002,794,-238
285.92694256756755,14.477512190000002,795,-237
286.28659909909913,14.477512190000002,796,-236
286.64625563063066,14.477512190000002,797,-235
287.0059121621622,14.477512189999999,798,-234
287.3655686936937,14.477512190000002,799,-233
287.72522522522524,14.477512190000002,800,-232
288.0848817567568,14.477512189999999,801,-231
288.4445382882883,14.477512190000002,802,-230
288.8041948198198,14.477512189999999,803,-229
289.16385135135135,14.477512189999999,804,-228
289.5235078828829,14.477512190000002,805,-227
289.8831644144144,14.477512190000002,806,-226
290.24282094594594,14.477512190000002,807,-225
290.60247747747746,14.477512190000002,808,-224
290.962134009009,14.47751219,809,-223
291.3217905405406,14.477512190000002,810,-222
291.6814470720721,14.477512190000002,811,-221
292.04110360360363,14.477512190000002,812,-220
292.40076013513516,14.477512190000002,813,-219
292.7604166666667,14.477512190000002,814,-218
293.1200731981982,14.477512190000002,815,-217
293.47972972972974,14.477512190000002,816,-216
293.83938626126127,14.477512190000004,817,-215
294.1990427927928,14.477512189999999,818,-214
294.5586993243243,14.477512190000002,819,-213
294.91835585585585,14.47751219,820,-212
295.2780123873874,14.47751219,821,-211
295.6376689189189,14.477512190000002,822,-210
295.99732545045043,14.47751219,823,-209
296.356981981982,14.477512189999999,824,-208
296.71663851351354,14.477512190000004,825,-207
297.0762950450451,14.477512190000002,826,-206
297.4359515765766,14.477512190000002,827,-205
297.7956081081081,14.477512189999999,828,-204
298.15526463963965,14.477512189999999,829,-203
298.5149211711712,14.477512190000002,830,-202
298.8745777027027,14.477512190000002,831,-201
299.23423423423424,14.477512190000002,832,-200
299.59389076576576,14.47751219,833,-199
299.9535472972973,14.477512190000002,834,-198
300.3132038288288,14.47751219,835,-197
300.67286036036035,14.477512190000004,836,-196
301.0325168918919,14.47751219,837,-195
301.39217342342346,14.477512189999999,838,-194
301.751829954955,14.477512190000002,839,-193
299.5047966995977,12.0,840,-192
299.46243135899084,11.689655172413794,841,-191
299.403152137844,11.379310344827585,842,-190
299.3288855381719,11.068965517241379,843,-189
299.2415580619896,10.758620689655173,844,-188
299.1430962113119,10.448275862068966,845,-187
299.0354264881536,10.137931034482758,846,-186
298.9204753945295,9.827586206896552,847,-185
298.80016943245454,9.517241379310345,848,-184
298.6764351039436,9.206896551724139,849,-183
298.55119891101145,8.89655172413793,850,-182
298.42638735567306,8.586206896551724,851,-181
298.30392723338497,8.275862068965516,852,-180
298.18575552429553,7.9655172413793105,853,-179
298.073821771895,7.655172413793103,854,-178
297.97007629542554,7.344827586206897,855,-177
297.8764694141294,7.0344827586206895,856,-176
297.7949514472489,6.724137931034482,857,-175
297.72747271402625,6.413793103448276,858,-174
297.67598353370363,6.1034482758620685,859,-173
297.6424342255233,5.793103448275862,860,-172
297.62877510872744,5.482758620689655,861,-171
297.6375163740892,5.172413793103448,862,-170
297.6764904518795,4.862068965517241,863,-169
297.75647302286575,4.551724137931034,864,-168
297.8882708457381,4.241379310344827,865,-167
298.0826906791868,3.931034482758621,866,-166
298.350539281902,3.620689655172413,867,-165
298.7026234125739,3.3103448275862064,868,-164
299.1497498298927,3.0,869,-163
300.3132038288288,2.71337337557652,870,-162
300.67286036036035,2.7094817906700603,871,-161
301.0325168918919,2.7058438221045478,872,-160
301.39217342342346,2.702452620360085,873,-159
301.751829954955,2.69930133591678,874,-158
302.1114864864865,2.696383119254735,875,-157
302.47114301801804,2.6936911208540573,876,-156
302.83079954954957,2.6912184911948502,877,-155
303.1904560810811,2.688958380757221,878,-154
303.5501126126126,2.6869039400212733,879,-153
303.90976914414415,2.685048319467112,880,-152
304.2694256756757,2.6833846695748433,881,-151
304.6290822072072,2.681906140824572,882,-150
304.98873873873873,2.6806058836964026,883,-149
305.34839527027026,2.679477048670442,884,-148
305.7080518018018,2.6785127862267935,885,-147
306.0677083333333,2.6777062468455632,886,-146
306.4273648648649,2.677050581006856,887,-145
306.7870213963964,2.676538939190776,888,-144
307.14667792792795,2.676164471877432,889,-143
307.5063344594595,2.675920329546924,890,-142
307.865990990991,2.6757996626793608,891,-141
308.22564752252254,2.6757956217548466,892,-140
308.58530405405406,2.675901357253486,893,-139
308.9449605855856,2.6761100196553844,894,-138
309.3046171171171,2.676414759440648,895,-137
309.66427364864865,2.67680872708938,896,-136
310.0239301801802,2.6772850730816873,897,-135
310.3835867117117,2.6778369478976747,898,-134
310.7432432432432,2.6784575020174457,899,-133
311.1028997747748,2.6791398859211086,900,-132
311.46255630630634,2.6798772500887655,901,-131
311.82221283783787,2.6806627450005234,902,-130
312.1818693693694,2.681489521136486,903,-129
312.5415259009009,2.68235072897676,904,-128
312.90118243243245,2.6832395190014497,905,-127
313.260838963964,2.6841490416906604,906,-126
313.6204954954955,2.685072447524497,907,-125
313.98015202702703,2.6860028869830654,908,-124
314.33980855855856,2.68693351054647,909,-123
314.6994650900901,2.6878574686948165,910,-122
315.0591216216216,2.688767911908209,911,-121
315.41877815315314,2.689657990666755,912,-120
315.77843468468467,2.690520855450556,913,-119
316.13809121621625,2.6913496567397197,914,-118
316.4977477477478,2.6921375450143517,915,-117
316.8574042792793,2.692877670754555,916,-116
317.21706081081084,2.6935631844404373,917,-115
317.57671734234236,2.694187236552102,918,-114
317.9363738738739,2.6947429775696548,919,-113
318.2960304054054,2.6952235579732005,920,-112
318.65568693693695,2.695622128242844,921,-111
319.0153434684685,2.6959318388586913,922,-110
319.375,2.696145840300847,923,-109
319.7346565315315,2.696257283049417,924,-108
320.09431306306305,2.6962595692214646,925,-107
320.4539695945946,2.696152487741269,926,-106
320.8136261261261,2.695942566080368,927,-105
321.1732826576577,2.6956366537586565,928,-104
321.5329391891892,2.695241600296029,929,-103
321.89259572072075,2.6947642552123807,930,-102
322.2522522522523,2.694211468027608,931,-101
322.6119087837838,2.693590088261603,932,-100
322.97156531531533,2.692906965434262,933,-99
323.33122184684686,2.6921689490654797,934,-98
323.6908783783784,2.691382888675151,935,-97
324.0505349099099,2.6905556337831706,936,-96
324.41019144144144,2.6896940339094337,937,-95
324.76984797297297,2.688804938573835,938,-94
325.1295045045045,2.687895197296269,939,-93
325.489161036036,2.6869716595966313,940,-92
325.84881756756755,2.686041174994816,941,-91
326.20847409909913,2.6851105930107173,942,-90
326.56813063063066,2.6841867631642327,943,-89
326.9277871621622,2.6832765349752536,944,-88
327.2874436936937,2.6823867579636773,945,-87
327.64710022522524,2.6815242816493976,946,-86
328.0067567567568,2.68069595555231,947,-85
328.3664132882883,2.6799086291923087,948,-84
328.7260698198198,2.6791691520892886,949,-83
329.08572635135135,2.678484373763145,950,-82
329.4453828828829,2.677861143733773,951,-81
329.8050394144144,2.677306311521067,952,-80
330.16469594594594,2.6768267266449213,953,-79
330.52435247747746,2.6764292386252313,954,-78
330.884009009009,2.676120696981892,955,-77
331.2436655405406,2.6759079512347976,956,-76
331.6033220720721,2.6757978509038436,957,-75
331.96297860360363,2.675797245508925,958,-74
332.32263513513516,2.6759129845699356,959,-73
332.6822916666667,2.676151917606772,960,-72
333.0419481981982,2.6765208941393275,961,-71
333.40160472972974,2.6770267636874983,962,-70
333.76126126126127,2.6776763757711763,963,-69
334.1209177927928,2.67847657991026,964,-68
334.4805743243243,2.679434225624642,965,-67
334.84023085585585,2.6805561624342187,966,-66
335.1998873873874,2.6818492398588827,967,-65
335.5595439189189,2.6833203074185317,968,-64
335.91920045045043,2.6849762146330587,969,-63
336.278856981982,2.686823811022359,970,-62
336.63851351351354,2.688869946106327,971,-61
336.9981700450451,2.691121469404858,972,-60
337.3578265765766,2.693585230437847,973,-59
337.7174831081081,2.696268078725188,974,-58
338.07713963963965,2.6991768637867772,975,-57
338.4367961711712,2.7023184351425082,976,-56
338.7964527027027,2.7056996423122768,977,-55
339.15610923423424,2.709327334815977,978,-54
339.51576576576576,2.713208362173505,979,-53
339.8754222972973,2.717349573904753,980,-52
340.2350788288288,2.721757819529619,981,-51
340.59473536036035,2.7264399485679958,982,-50
340.95439189189193,2.7314028105397794,983,-49
341.31404842342346,2.736653254964865,984,-48
341.673704954955,2.7421981313631445,985,-47
342.75267454954957,2.7239735237288145,986,-46
343.1123310810811,3.0106760560491357,987,-45
343.4719876126126,3.2605292744404415,988,-44
343.83164414414415,3.478259531491828,989,-43
344.1913006756757,3.668593179792392,990,-42
344.5509572072072,3.8362565719312287,991,-41
344.91061373873873,3.985976060497436,992,-40
345.27027027027026,4.12247799808011,993,-39
345.6299268018018,4.250488737268345,994,-38
345.98958333333337,4.3747346306512584,995,-37
346.3492398648649,4.499942030817909,996,-36
346.7088963963964,4.630830391530984,997,-35
347.06855292792795,4.77044785037021,998,-34
347.4282094594595,4.918005473394292,999,-33
347.787865990991,5.072177960910877,1000,-32
348.14752252252254,5.231640013227611,1001,-31
348.50717905405406,5.395066330652139,1002,-30
348.8668355855856,5.56113161349211,1003,-29
349.2264921171171,5.728510562055168,1004,-28
349.58614864864865,5.895877876648958,1005,-27
349.9458051801802,6.061908257581131,1006,-26
350.3054617117117,6.225276405159328,1007,-25
350.6651182432432,6.384657019691199,1008,-24
351.0247747747748,6.53876689519765,1009,-23
351.38443130630634,6.687501024564426,1010,-22
351.74408783783787,6.8320626497500445,1011,-21
352.1037443693694,6.973723205885848,1012,-20
352.4634009009009,7.1137541281031815,1013,-19
352.82305743243245,7.253426851533392,1014,-18
353.182713963964,7.394012811307823,1015,-17
353.5423704954955,7.53678344255782,1016,-16
353.90202702702703,7.683010180414727,1017,-15
354.26168355855856,7.833964460009892,1018,-14
354.6213400900901,7.990917716474659,1019,-13
354.9809966216216,8.155141384940372,1020,-12
355.34065315315314,8.327590020202614,1021,-11
355.70030968468467,8.50626751372836,1022,-10
356.05996621621625,8.687572767894181,1023,-9
356.4196227477478,8.867888637625738,1024,-8
356.7792792792793,9.04359797784877,1025,-7
357.13893581081084,9.211083643489003,1026,-6
357.49859234234236,9.366728489472152,1027,-5
357.8582488738739,9.506915370723933,1028,-4
358.2179054054054,9.628027142170074,1029,-3
358.57756193693695,9.726446658736286,1030,-2
358.9372184684685,9.798556775348288,1031,-1
359.296875,9.840740346931803,1032,0
